<?xml version="1.0" encoding="utf-8"?>
<doctrine-mapping xmlns="http://doctrine-project.org/schemas/orm/doctrine-mapping" xmlns:xsi="http://www.w3.org/2001/XMLSchema-instance" xsi:schemaLocation="http://doctrine-project.org/schemas/orm/doctrine-mapping http://doctrine-project.org/schemas/orm/doctrine-mapping.xsd">
  <entity name="Alumne" table="Alumne">
    <indexes>
      <index name="idCicle" columns="idCicle"/>
      <index name="idEstudisAcces" columns="idEstudisAcces"/>
      <index name="idNacionalitat" columns="idNacionalitat"/>
      <index name="idPoblació" columns="idPoblacio"/>
      <index name="idProvincia" columns="idProvincia"/>
      <index name="Alumne_ibfk_8" columns="idNomEstudiAcces"/>
    </indexes>
    <id name="idalumne" type="integer" column="idAlumne">
      <generator strategy="IDENTITY"/>
    </id>
    <field name="nivellcurs" type="integer" column="nivellCurs" nullable="true">
      <options>
        <option name="unsigned"/>
      </options>
    </field>
    <field name="nom" type="text" column="nom" length="65535" nullable="false">
      <options>
        <option name="fixed"/>
      </options>
    </field>
    <field name="cognoms" type="text" column="cognoms" length="65535" nullable="false">
      <options>
        <option name="fixed"/>
      </options>
    </field>
    <field name="dni" type="text" column="dni" length="65535" nullable="true">
      <options>
        <option name="fixed"/>
      </options>
    </field>
    <field name="sexe" type="text" column="sexe" length="65535" nullable="true">
      <options>
        <option name="fixed"/>
      </options>
    </field>
    <field name="datanaixement" type="date" column="dataNaixement" nullable="false"/>
    <field name="llocnaixement" type="text" column="llocNaixement" length="65535" nullable="false">
      <options>
        <option name="fixed"/>
      </options>
    </field>
    <field name="direccio" type="text" column="direccio" length="65535" nullable="false">
      <options>
        <option name="fixed"/>
      </options>
    </field>
    <field name="email" type="text" column="email" length="65535" nullable="false">
      <options>
        <option name="fixed"/>
      </options>
    </field>
    <field name="codipostal" type="integer" column="codiPostal" nullable="false">
      <options>
        <option name="unsigned"/>
      </options>
    </field>
    <field name="telefonfixe" type="integer" column="telefonFixe" nullable="true">
      <options>
        <option name="unsigned"/>
      </options>
    </field>
    <field name="mobil" type="integer" column="mobil" nullable="false">
      <options>
        <option name="unsigned"/>
      </options>
    </field>
    <field name="numseguretatsocial" type="integer" column="numSeguretatSocial" nullable="true">
      <options>
        <option name="unsigned"/>
      </options>
    </field>
    <field name="coditarjetasanitaria" type="text" column="codiTarjetaSanitaria" length="65535" nullable="false">
      <options>
        <option name="fixed"/>
      </options>
    </field>
    <field name="nompare" type="text" column="nomPare" length="65535" nullable="true">
      <options>
        <option name="fixed"/>
      </options>
    </field>
    <field name="nommare" type="text" column="nomMare" length="65535" nullable="true">
      <options>
        <option name="fixed"/>
      </options>
    </field>
    <field name="emailpare" type="text" column="emailPare" length="65535" nullable="true">
      <options>
        <option name="fixed"/>
      </options>
    </field>
    <field name="emailmare" type="text" column="emailMare" length="65535" nullable="true">
      <options>
        <option name="fixed"/>
      </options>
    </field>
    <field name="telefonpare" type="integer" column="telefonPare" nullable="true">
      <options>
        <option name="unsigned"/>
      </options>
    </field>
    <field name="telefonmare" type="integer" column="telefonMare" nullable="true">
      <options>
        <option name="unsigned"/>
      </options>
    </field>
    <field name="centreprocedencia" type="text" column="centreProcedencia" length="65535" nullable="true">
      <options>
        <option name="fixed"/>
      </options>
    </field>
    <field name="linkedin" type="text" column="linkedin" length="65535" nullable="false">
      <options>
        <option name="fixed"/>
      </options>
    </field>
    <field name="actiulaboral" type="boolean" column="actiuLaboral" nullable="false"/>
    <field name="nomempresa" type="text" column="nomEmpresa" length="65535" nullable="true">
      <options>
        <option name="fixed"/>
      </options>
    </field>
    <field name="antiguitat" type="integer" column="antiguitat" nullable="true">
      <options>
        <option name="unsigned"/>
      </options>
    </field>
    <field name="cercafeina" type="boolean" column="cercaFeina" nullable="false"/>
    <field name="sectorempresarial" type="text" column="sectorEmpresarial" length="65535" nullable="true">
      <options>
        <option name="fixed"/>
      </options>
    </field>
    <field name="carnetconduir" type="boolean" column="carnetConduir" nullable="true"/>
    <field name="vehiclepropi" type="boolean" column="vehiclePropi" nullable="true"/>
    <field name="intencionsfutures" type="text" column="intencionsFutures" length="65535" nullable="false">
      <options>
        <option name="fixed"/>
      </options>
    </field>
    <field name="graduat" type="boolean" column="graduat" nullable="false"/>
    <field name="curriculum" type="text" column="curriculum" length="65535" nullable="false">
      <options>
        <option name="fixed"/>
      </options>
    </field>
    <field name="descripcio" type="text" column="descripcio" length="65535" nullable="true">
      <options>
        <option name="fixed"/>
      </options>
    </field>
    <field name="fctdual" type="boolean" column="fctDual" nullable="false"/>
    <field name="notificacions" type="boolean" column="notificacions" nullable="false"/>
    <many-to-one field="idcicle" target-entity="Cicle" fetch="LAZY">
      <join-columns>
        <join-column name="idCicle" referenced-column-name="idCicle"/>
      </join-columns>
    </many-to-one>
    <many-to-one field="idestudisacces" target-entity="Estudiacces" fetch="LAZY">
      <join-columns>
        <join-column name="idEstudisAcces" referenced-column-name="idEstudiAcces"/>
      </join-columns>
    </many-to-one>
    <many-to-one field="idnacionalitat" target-entity="Nacionalitat" fetch="LAZY">
      <join-columns>
        <join-column name="idNacionalitat" referenced-column-name="idNacionalitat"/>
      </join-columns>
    </many-to-one>
    <many-to-one field="idpoblacio" target-entity="Poblacio" fetch="LAZY">
      <join-columns>
        <join-column name="idPoblacio" referenced-column-name="idPoblacio"/>
      </join-columns>
    </many-to-one>
    <many-to-one field="idprovincia" target-entity="Provincia" fetch="LAZY">
      <join-columns>
        <join-column name="idProvincia" referenced-column-name="idProvincia"/>
      </join-columns>
    </many-to-one>
    <many-to-one field="idnomestudiacces" target-entity="Estudi" fetch="LAZY">
      <join-columns>
        <join-column name="idNomEstudiAcces" referenced-column-name="idEstudi"/>
      </join-columns>
    </many-to-one>
  </entity>
</doctrine-mapping>
