<?xml version="1.0" encoding="utf-8"?>
<doctrine-mapping xmlns="http://doctrine-project.org/schemas/orm/doctrine-mapping" xmlns:xsi="http://www.w3.org/2001/XMLSchema-instance" xsi:schemaLocation="http://doctrine-project.org/schemas/orm/doctrine-mapping http://doctrine-project.org/schemas/orm/doctrine-mapping.xsd">
  <entity name="Email" table="email">
    <id name="idemail" type="integer" column="idEmail">
      <generator strategy="IDENTITY"/>
    </id>
    <field name="email" type="text" column="email" length="65535" nullable="false">
      <options>
        <option name="fixed"/>
      </options>
    </field>
    <field name="estat" type="integer" column="estat" nullable="false">
      <options>
        <option name="unsigned"/>
      </options>
    </field>
  </entity>
</doctrine-mapping>
