<?xml version="1.0" encoding="utf-8"?>
<doctrine-mapping xmlns="http://doctrine-project.org/schemas/orm/doctrine-mapping" xmlns:xsi="http://www.w3.org/2001/XMLSchema-instance" xsi:schemaLocation="http://doctrine-project.org/schemas/orm/doctrine-mapping http://doctrine-project.org/schemas/orm/doctrine-mapping.xsd">
  <entity name="Empresa" table="Empresa">
    <indexes>
      <index name="idNacionalitat" columns="idNacionalitat"/>
      <index name="idPoblacio" columns="idPoblacio"/>
      <index name="idProvincia" columns="idProvincia"/>
    </indexes>
    <id name="idempresa" type="integer" column="idEmpresa">
      <generator strategy="IDENTITY"/>
    </id>
    <field name="nomempresa" type="text" column="nomEmpresa" length="65535" nullable="false">
      <options>
        <option name="fixed"/>
      </options>
    </field>
    <field name="nomresponsable" type="text" column="nomResponsable" length="65535" nullable="false">
      <options>
        <option name="fixed"/>
      </options>
    </field>
    <field name="informacioempresa" type="text" column="informacioEmpresa" length="65535" nullable="true">
      <options>
        <option name="fixed"/>
      </options>
    </field>
    <field name="correoempresa" type="text" column="correoEmpresa" length="65535" nullable="false">
      <options>
        <option name="fixed"/>
      </options>
    </field>
    <field name="telefonempresa" type="integer" column="telefonEmpresa" nullable="false">
      <options>
        <option name="unsigned"/>
      </options>
    </field>
    <field name="direccio" type="text" column="direccio" length="65535" nullable="false">
      <options>
        <option name="fixed"/>
      </options>
    </field>
    <field name="codipostal" type="integer" column="codiPostal" nullable="false">
      <options>
        <option name="unsigned"/>
      </options>
    </field>
    <many-to-one field="idnacionalitat" target-entity="Nacionalitat" fetch="LAZY">
      <join-columns>
        <join-column name="idNacionalitat" referenced-column-name="idNacionalitat"/>
      </join-columns>
    </many-to-one>
    <many-to-one field="idpoblacio" target-entity="Poblacio" fetch="LAZY">
      <join-columns>
        <join-column name="idPoblacio" referenced-column-name="idPoblacio"/>
      </join-columns>
    </many-to-one>
    <many-to-one field="idprovincia" target-entity="Provincia" fetch="LAZY">
      <join-columns>
        <join-column name="idProvincia" referenced-column-name="idProvincia"/>
      </join-columns>
    </many-to-one>
  </entity>
</doctrine-mapping>
