<?xml version="1.0" encoding="utf-8"?>
<doctrine-mapping xmlns="http://doctrine-project.org/schemas/orm/doctrine-mapping" xmlns:xsi="http://www.w3.org/2001/XMLSchema-instance" xsi:schemaLocation="http://doctrine-project.org/schemas/orm/doctrine-mapping http://doctrine-project.org/schemas/orm/doctrine-mapping.xsd">
  <entity name="Estudi" table="Estudi">
    <indexes>
      <index name="Estudi_ibfk_1" columns="idTipusEstudi"/>
    </indexes>
    <id name="idestudi" type="integer" column="idEstudi">
      <generator strategy="IDENTITY"/>
    </id>
    <field name="nomestudi" type="text" column="nomEstudi" length="65535" nullable="false">
      <options>
        <option name="fixed"/>
      </options>
    </field>
    <many-to-one field="idtipusestudi" target-entity="Estudiacces" fetch="LAZY">
      <join-columns>
        <join-column name="idTipusEstudi" referenced-column-name="idEstudiAcces"/>
      </join-columns>
    </many-to-one>
  </entity>
</doctrine-mapping>
