<?xml version="1.0" encoding="utf-8"?>
<doctrine-mapping xmlns="http://doctrine-project.org/schemas/orm/doctrine-mapping" xmlns:xsi="http://www.w3.org/2001/XMLSchema-instance" xsi:schemaLocation="http://doctrine-project.org/schemas/orm/doctrine-mapping http://doctrine-project.org/schemas/orm/doctrine-mapping.xsd">
  <entity name="Estudisalumne" table="EstudisAlumne">
    <indexes>
      <index name="idAlumne" columns="idAlumne"/>
      <index name="idEstudi" columns="idEstudi"/>
    </indexes>
    <id name="idestudisalumne" type="integer" column="idEstudisAlumne">
      <generator strategy="IDENTITY"/>
    </id>
    <field name="finalitzat" type="boolean" column="finalitzat" nullable="false"/>
    <many-to-one field="idalumne" target-entity="Alumne" fetch="LAZY">
      <join-columns>
        <join-column name="idAlumne" referenced-column-name="idAlumne"/>
      </join-columns>
    </many-to-one>
    <many-to-one field="idestudi" target-entity="Estudi" fetch="LAZY">
      <join-columns>
        <join-column name="idEstudi" referenced-column-name="idEstudi"/>
      </join-columns>
    </many-to-one>
  </entity>
</doctrine-mapping>
