<?xml version="1.0" encoding="utf-8"?>
<doctrine-mapping xmlns="http://doctrine-project.org/schemas/orm/doctrine-mapping" xmlns:xsi="http://www.w3.org/2001/XMLSchema-instance" xsi:schemaLocation="http://doctrine-project.org/schemas/orm/doctrine-mapping http://doctrine-project.org/schemas/orm/doctrine-mapping.xsd">
  <entity name="Etiquetaalumne" table="EtiquetaAlumne">
    <indexes>
      <index name="idAlumne" columns="idAlumne"/>
      <index name="idEtiqueta" columns="idEtiqueta"/>
    </indexes>
    <id name="idetiquetaalumne" type="integer" column="idEtiquetaAlumne">
      <generator strategy="IDENTITY"/>
    </id>
    <many-to-one field="idalumne" target-entity="Alumne" fetch="LAZY">
      <join-columns>
        <join-column name="idAlumne" referenced-column-name="idAlumne"/>
      </join-columns>
    </many-to-one>
    <many-to-one field="idetiqueta" target-entity="Etiqueta" fetch="LAZY">
      <join-columns>
        <join-column name="idEtiqueta" referenced-column-name="idEtiqueta"/>
      </join-columns>
    </many-to-one>
  </entity>
</doctrine-mapping>
