<?xml version="1.0" encoding="utf-8"?>
<doctrine-mapping xmlns="http://doctrine-project.org/schemas/orm/doctrine-mapping" xmlns:xsi="http://www.w3.org/2001/XMLSchema-instance" xsi:schemaLocation="http://doctrine-project.org/schemas/orm/doctrine-mapping http://doctrine-project.org/schemas/orm/doctrine-mapping.xsd">
  <entity name="Etiqueta" table="Etiqueta">
    <indexes>
      <index name="idCicle" columns="idCicle"/>
    </indexes>
    <id name="idetiqueta" type="integer" column="idEtiqueta">
      <generator strategy="IDENTITY"/>
    </id>
    <field name="nometiqueta" type="text" column="nomEtiqueta" length="65535" nullable="false">
      <options>
        <option name="fixed"/>
      </options>
    </field>
    <many-to-one field="idcicle" target-entity="Cicle" fetch="LAZY">
      <join-columns>
        <join-column name="idCicle" referenced-column-name="idCicle"/>
      </join-columns>
    </many-to-one>
  </entity>
</doctrine-mapping>
