<?xml version="1.0" encoding="utf-8"?>
<doctrine-mapping xmlns="http://doctrine-project.org/schemas/orm/doctrine-mapping" xmlns:xsi="http://www.w3.org/2001/XMLSchema-instance" xsi:schemaLocation="http://doctrine-project.org/schemas/orm/doctrine-mapping http://doctrine-project.org/schemas/orm/doctrine-mapping.xsd">
  <entity name="Idiomaalumne" table="IdiomaAlumne">
    <indexes>
      <index name="idAlumne" columns="idAlumne"/>
      <index name="idIdioma" columns="idIdioma"/>
    </indexes>
    <id name="ididiomaalumne" type="integer" column="idIdiomaAlumne">
      <generator strategy="IDENTITY"/>
    </id>
    <field name="nivellidioma" type="text" column="nivellIdioma" length="65535" nullable="false">
      <options>
        <option name="fixed"/>
      </options>
    </field>
    <many-to-one field="idalumne" target-entity="Alumne" fetch="LAZY">
      <join-columns>
        <join-column name="idAlumne" referenced-column-name="idAlumne"/>
      </join-columns>
    </many-to-one>
    <many-to-one field="ididioma" target-entity="Idioma" fetch="LAZY">
      <join-columns>
        <join-column name="idIdioma" referenced-column-name="idIdioma"/>
      </join-columns>
    </many-to-one>
  </entity>
</doctrine-mapping>
