<?xml version="1.0" encoding="utf-8"?>
<doctrine-mapping xmlns="http://doctrine-project.org/schemas/orm/doctrine-mapping" xmlns:xsi="http://www.w3.org/2001/XMLSchema-instance" xsi:schemaLocation="http://doctrine-project.org/schemas/orm/doctrine-mapping http://doctrine-project.org/schemas/orm/doctrine-mapping.xsd">
  <entity name="Ofertacicle" table="OfertaCicle">
    <indexes>
      <index name="idOferta" columns="idOferta"/>
      <index name="OfertaCicle_ibfk_2" columns="idCicle"/>
    </indexes>
    <id name="idofertacicle" type="integer" column="idOfertaCicle">
      <generator strategy="IDENTITY"/>
    </id>
    <many-to-one field="idoferta" target-entity="Oferta" fetch="LAZY">
      <join-columns>
        <join-column name="idOferta" referenced-column-name="idOferta"/>
      </join-columns>
    </many-to-one>
    <many-to-one field="idcicle" target-entity="Cicle" fetch="LAZY">
      <join-columns>
        <join-column name="idCicle" referenced-column-name="idCicle"/>
      </join-columns>
    </many-to-one>
  </entity>
</doctrine-mapping>
