<?xml version="1.0" encoding="utf-8"?>
<doctrine-mapping xmlns="http://doctrine-project.org/schemas/orm/doctrine-mapping" xmlns:xsi="http://www.w3.org/2001/XMLSchema-instance" xsi:schemaLocation="http://doctrine-project.org/schemas/orm/doctrine-mapping http://doctrine-project.org/schemas/orm/doctrine-mapping.xsd">
  <entity name="Ofertaetiqueta" table="OfertaEtiqueta">
    <indexes>
      <index name="idOferta" columns="idOferta"/>
      <index name="idEtiqueta" columns="idEtiqueta"/>
    </indexes>
    <id name="idofertaetiqueta" type="integer" column="idOfertaEtiqueta">
      <generator strategy="IDENTITY"/>
    </id>
    <many-to-one field="idoferta" target-entity="Oferta" fetch="LAZY">
      <join-columns>
        <join-column name="idOferta" referenced-column-name="idOferta"/>
      </join-columns>
    </many-to-one>
    <many-to-one field="idetiqueta" target-entity="Etiqueta" fetch="LAZY">
      <join-columns>
        <join-column name="idEtiqueta" referenced-column-name="idEtiqueta"/>
      </join-columns>
    </many-to-one>
  </entity>
</doctrine-mapping>
