<?xml version="1.0" encoding="utf-8"?>
<doctrine-mapping xmlns="http://doctrine-project.org/schemas/orm/doctrine-mapping" xmlns:xsi="http://www.w3.org/2001/XMLSchema-instance" xsi:schemaLocation="http://doctrine-project.org/schemas/orm/doctrine-mapping http://doctrine-project.org/schemas/orm/doctrine-mapping.xsd">
  <entity name="Oferta" table="Oferta">
    <indexes>
      <index name="idEstatOferta" columns="idEstatOferta"/>
      <index name="idEmpresa" columns="idEmpresa"/>
      <index name="idTipusContracte" columns="idTipusContracte"/>
    </indexes>
    <id name="idoferta" type="integer" column="idOferta">
      <generator strategy="IDENTITY"/>
    </id>
    <field name="sector" type="text" column="sector" length="65535" nullable="false">
      <options>
        <option name="fixed"/>
      </options>
    </field>
    <field name="infolloctreball" type="text" column="infoLlocTreball" length="65535" nullable="false">
      <options>
        <option name="fixed"/>
      </options>
    </field>
    <field name="requisits" type="text" column="requisits" length="65535" nullable="false">
      <options>
        <option name="fixed"/>
      </options>
    </field>
    <field name="condicions" type="text" column="condicions" length="65535" nullable="false">
      <options>
        <option name="fixed"/>
      </options>
    </field>
    <field name="treballadorsnecessitats" type="integer" column="treballadorsNecessitats" nullable="false">
      <options>
        <option name="unsigned"/>
      </options>
    </field>
    <many-to-one field="idestatoferta" target-entity="Estatoferta" fetch="LAZY">
      <join-columns>
        <join-column name="idEstatOferta" referenced-column-name="idEstatOferta"/>
      </join-columns>
    </many-to-one>
    <many-to-one field="idempresa" target-entity="Empresa" fetch="LAZY">
      <join-columns>
        <join-column name="idEmpresa" referenced-column-name="idEmpresa"/>
      </join-columns>
    </many-to-one>
    <many-to-one field="idtipuscontracte" target-entity="Tipuscontracte" fetch="LAZY">
      <join-columns>
        <join-column name="idTipusContracte" referenced-column-name="idTipusContracte"/>
      </join-columns>
    </many-to-one>
  </entity>
</doctrine-mapping>
