<?xml version="1.0" encoding="utf-8"?>
<doctrine-mapping xmlns="http://doctrine-project.org/schemas/orm/doctrine-mapping" xmlns:xsi="http://www.w3.org/2001/XMLSchema-instance" xsi:schemaLocation="http://doctrine-project.org/schemas/orm/doctrine-mapping http://doctrine-project.org/schemas/orm/doctrine-mapping.xsd">
  <entity name="Ofertaalumne" table="OfertaAlumne">
    <indexes>
      <index name="idEstatOfertaAlumne" columns="idEstatOfertaAlumne"/>
      <index name="idAlumne" columns="idAlumne"/>
      <index name="idOferta" columns="idOferta"/>
    </indexes>
    <id name="idofertaalumne" type="integer" column="idOfertaAlumne">
      <generator strategy="IDENTITY"/>
    </id>
    <many-to-one field="idestatofertaalumne" target-entity="Estatofertaalumne" fetch="LAZY">
      <join-columns>
        <join-column name="idEstatOfertaAlumne" referenced-column-name="idEstatOfertaAlumne"/>
      </join-columns>
    </many-to-one>
    <many-to-one field="idalumne" target-entity="Alumne" fetch="LAZY">
      <join-columns>
        <join-column name="idAlumne" referenced-column-name="idAlumne"/>
      </join-columns>
    </many-to-one>
    <many-to-one field="idoferta" target-entity="Oferta" fetch="LAZY">
      <join-columns>
        <join-column name="idOferta" referenced-column-name="idOferta"/>
      </join-columns>
    </many-to-one>
  </entity>
</doctrine-mapping>
