<?xml version="1.0" encoding="utf-8"?>
<doctrine-mapping xmlns="http://doctrine-project.org/schemas/orm/doctrine-mapping" xmlns:xsi="http://www.w3.org/2001/XMLSchema-instance" xsi:schemaLocation="http://doctrine-project.org/schemas/orm/doctrine-mapping http://doctrine-project.org/schemas/orm/doctrine-mapping.xsd">
  <entity name="Poblacio" table="Poblacio">
    <indexes>
      <index name="idProvincia" columns="idProvincia"/>
    </indexes>
    <id name="idpoblacio" type="integer" column="idPoblacio">
      <generator strategy="IDENTITY"/>
    </id>
    <field name="nompoblacio" type="string" column="nomPoblacio" length="43" nullable="true">
      <options>
        <option name="fixed"/>
      </options>
    </field>
    <many-to-one field="idprovincia" target-entity="Provincia" fetch="LAZY">
      <join-columns>
        <join-column name="idProvincia" referenced-column-name="idProvincia"/>
      </join-columns>
    </many-to-one>
  </entity>
</doctrine-mapping>
