<?xml version="1.0" encoding="utf-8"?>
<doctrine-mapping xmlns="http://doctrine-project.org/schemas/orm/doctrine-mapping" xmlns:xsi="http://www.w3.org/2001/XMLSchema-instance" xsi:schemaLocation="http://doctrine-project.org/schemas/orm/doctrine-mapping http://doctrine-project.org/schemas/orm/doctrine-mapping.xsd">
  <entity name="Professor" table="Professor">
    <id name="idprofessor" type="integer" column="idProfessor">
      <generator strategy="IDENTITY"/>
    </id>
    <field name="nomprofessor" type="text" column="nomProfessor" length="65535" nullable="false">
      <options>
        <option name="fixed"/>
      </options>
    </field>
    <field name="cognomprofessor" type="text" column="cognomProfessor" length="65535" nullable="false">
      <options>
        <option name="fixed"/>
      </options>
    </field>
    <field name="email" type="text" column="email" length="65535" nullable="false">
      <options>
        <option name="fixed"/>
      </options>
    </field>
    <field name="linkedin" type="text" column="linkedin" length="65535" nullable="false">
      <options>
        <option name="fixed"/>
      </options>
    </field>
  </entity>
</doctrine-mapping>
