<?xml version="1.0" encoding="utf-8"?>
<doctrine-mapping xmlns="http://doctrine-project.org/schemas/orm/doctrine-mapping" xmlns:xsi="http://www.w3.org/2001/XMLSchema-instance" xsi:schemaLocation="http://doctrine-project.org/schemas/orm/doctrine-mapping http://doctrine-project.org/schemas/orm/doctrine-mapping.xsd">
  <entity name="Usuari" table="Usuari">
    <indexes>
      <index name="idTipusUsuari" columns="idTipusUsuari"/>
      <index name="idReferencial" columns="idAlumne"/>
      <index name="Usuari_ibfk_3" columns="idEmpresa"/>
      <index name="Usuari_ibfk_4" columns="idProfessor"/>
    </indexes>
    <id name="idusuari" type="integer" column="idUsuari">
      <generator strategy="IDENTITY"/>
    </id>
    <field name="nomusuari" type="text" column="nomUsuari" length="65535" nullable="false">
      <options>
        <option name="fixed"/>
      </options>
    </field>
    <field name="password" type="text" column="password" length="65535" nullable="false">
      <options>
        <option name="fixed"/>
      </options>
    </field>
    <many-to-one field="idtipususuari" target-entity="Tipususuari" fetch="LAZY">
      <join-columns>
        <join-column name="idTipusUsuari" referenced-column-name="idTipusUsuari"/>
      </join-columns>
    </many-to-one>
    <many-to-one field="idalumne" target-entity="Alumne" fetch="LAZY">
      <join-columns>
        <join-column name="idAlumne" referenced-column-name="idAlumne"/>
      </join-columns>
    </many-to-one>
    <many-to-one field="idempresa" target-entity="Empresa" fetch="LAZY">
      <join-columns>
        <join-column name="idEmpresa" referenced-column-name="idEmpresa"/>
      </join-columns>
    </many-to-one>
    <many-to-one field="idprofessor" target-entity="Professor" fetch="LAZY">
      <join-columns>
        <join-column name="idProfessor" referenced-column-name="idProfessor"/>
      </join-columns>
    </many-to-one>
  </entity>
</doctrine-mapping>
